<?xml version="1.0" encoding="UTF-8"?>
<beans:beans xmlns="http://www.springframework.org/schema/mvc"
	xmlns:xsi="http://www.w3.org/2001/XMLSchema-instance"
	xmlns:beans="http://www.springframework.org/schema/beans"
	xmlns:context="http://www.springframework.org/schema/context"
	xmlns:websocket="http://www.springframework.org/schema/websocket"
	xsi:schemaLocation="http://www.springframework.org/schema/mvc https://www.springframework.org/schema/mvc/spring-mvc.xsd
		http://www.springframework.org/schema/beans https://www.springframework.org/schema/beans/spring-beans.xsd
		http://www.springframework.org/schema/context https://www.springframework.org/schema/context/spring-context.xsd
		http://www.springframework.org/schema/websocket http://www.springframework.org/schema/websocket/spring-websocket.xsd">

	<!-- DispatcherServlet Context: defines this servlet's request-processing infrastructure -->
	
	<!-- Enables the Spring MVC @Controller programming model -->
	<annotation-driven />

	<!-- Handles HTTP GET requests for /resources/** by efficiently serving up static resources in the ${webappRoot}/resources directory -->
	<resources mapping="/**" location="/resources/" />

	<!-- Resolves views selected for rendering by @Controllers to .jsp resources in the /WEB-INF/views directory -->
	<beans:bean class="org.springframework.web.servlet.view.InternalResourceViewResolver">
		<beans:property name="prefix" value="/WEB-INF/views/" />
		<beans:property name="suffix" value=".jsp" />
	</beans:bean>
	
	<beans:bean id="multipartResolver"
		class="org.springframework.web.multipart.commons.CommonsMultipartResolver">
		<beans:property name="maxUploadSize" value="10485760"></beans:property>
	</beans:bean>
	
	<!-- String uploadPath = new String("C:/zzz/upload") -->
	<beans:bean id="uploadPath" class="java.lang.String">
		<beans:constructor-arg value="C:/zzz/upload"/>
	</beans:bean>
	<beans:bean id="productUploadPath" class="java.lang.String">
		<beans:constructor-arg value="C:/zzz/upload2"/>
	</beans:bean>
	
	<context:component-scan base-package="com.kh.teampl" />
	
	<beans:bean id="authInterceptor" class="com.kh.teampl.interceptor.AuthInterceptor"></beans:bean>
	<interceptors>
		<interceptor>
			<mapping path="/user/**/*"/>
			<mapping path="/board/**/*"/>
			<mapping path="/reply/**/*"/>
			<mapping path="/shop/**/*"/>
			<exclude-mapping path="/user/login"/>
			<exclude-mapping path="/user/register"/>
			<exclude-mapping path="/user/isDup"/>
			<exclude-mapping path="/user/chkForgotId"/>
			<exclude-mapping path="/user/forgotPassword"/>
			<exclude-mapping path="/user/chkForgotPassword"/>
			<exclude-mapping path="/user/changePassword"/>
			<exclude-mapping path="/user/kakao"/>
			<exclude-mapping path="/oauth/*"/>
			<exclude-mapping path="/board/list"/>
			<beans:ref bean="authInterceptor"/>
		</interceptor>
	</interceptors>
	
<!-- 	<beans:bean id="mailSender" class="org.springframework.mail.javamail.JavaMailSenderImpl"> -->
<!-- 		<beans:property name="host" value="smtp.gmail.com"/> -->
<!-- 		<beans:property name="port" value="587"/> -->
<!-- 		<beans:property name="username" value="none"/> -->
<!-- 		<beans:property name="password" value="none"/> -->
<!-- 		<beans:property name="javaMailProperties"> -->
<!-- 			<beans:props> -->
<!-- 				<beans:prop key="mail.smtp.auth">true</beans:prop> -->
<!-- 				<beans:prop key="mail.smtp.starttls.enable">true</beans:prop> -->
<!-- 			</beans:props> -->
<!-- 		</beans:property> -->
<!-- 	</beans:bean> -->
	
	<!-- Websocket -->
	<websocket:handlers allowed-origins="http://192.168.0.86, http://localhost">
		<websocket:mapping handler="echoHandler" path="/echo"/>
		<websocket:handshake-interceptors>
			<beans:bean class="org.springframework.web.socket.server.support.HttpSessionHandshakeInterceptor"/>
		</websocket:handshake-interceptors>
		<websocket:sockjs/>
	</websocket:handlers>
	<beans:bean id="echoHandler" class="com.kh.teampl.socket.EchoHandler"></beans:bean>
</beans:beans>