<?xml version="1.0" encoding="UTF-8"?>
<!DOCTYPE mapper
  PUBLIC "-//mybatis.org//DTD Mapper 3.0//EN"
  "https://mybatis.org/dtd/mybatis-3-mapper.dtd">
 
<mapper namespace="com.kh.teampl.LikeMapper">
	
	<!-- 좋아요 -->
	<select id="isLiked" resultType="int">
		select count(*) from tbl_board_like
			where member_id = #{member_id} 
				and board_no = #{board_no}
	</select>
	
	<select id="getLikeCount" resultType="int">
		select count(*) from tbl_board_like
			where board_no = #{board_no}
	</select>
	
	<insert id="addLike">
		insert into tbl_board_like(member_id, board_no)
			values(#{member_id}, #{board_no})
	</insert>
	
	<update id="deleteLike">
		delete from tbl_board_like
			where member_id = #{member_id} and board_no = #{board_no}
	</update>



</mapper>