<?xml version="1.0" encoding="UTF-8"?>
<!DOCTYPE mapper
  PUBLIC "-//mybatis.org//DTD Mapper 3.0//EN"
  "https://mybatis.org/dtd/mybatis-3-mapper.dtd">
 
<mapper namespace="com.kh.teampl.ReplyMapper">

	<select id="getReplyList" resultType="ReplyVo">
		select * from tbl_reply
		    where board_no = #{board_no}
		    order by reply_group desc, reply_seq asc
	</select> 

	<select id="seq_nextval" resultType="int">
		select seq_reply_no.nextval from dual
	</select>
	<insert id="comment">
		insert into tbl_reply
			(reply_no, board_no, member_id, reply_content, reply_group, reply_seq, reply_level)
		values
			(#{reply_no}, #{board_no}, #{member_id}, #{reply_content}, #{reply_no}, 0, 0)
	</insert>
	<insert id="nestedComment">
		insert into tbl_reply
			(reply_no, board_no, member_id, reply_content, reply_group, reply_seq, reply_level)
		values
			(#{reply_no}, #{board_no}, #{member_id},
			 #{reply_content}, #{reply_group}, #{reply_seq} + 1, #{reply_level} + 1)
	</insert>
	<update id="updateSeq">
		update tbl_reply
			set reply_seq = reply_seq + 1
			where reply_seq > #{reply_seq}
	</update>
	
	<update id="updateReply">
		update tbl_reply
			set reply_content = #{reply_content}, reply_regdate = sysdate
			where reply_no = #{reply_no}
	</update>
	<delete id="deleteReply">
		delete from tbl_reply
			where reply_no = #{reply_no}
	</delete>
	

</mapper>